y_test_0,y_pred_0,y_test_1,y_pred_1,y_test_2,y_pred_2,y_test_3,y_pred_3,y_test_4,y_pred_4,y_test_5,y_pred_5,y_test_6,y_pred_6,y_test_7,y_pred_7
0.0971173606,0.8876965,0.6009647887,0.656152,0.6913449449,0.5298096,0.8079721802,1.0833946,0.1215108641,0.13950537,0.03980931,-0.0034794128,175.794,126.106895,0.8472184597,0.42290664
0.09295876,1.0887854,0.3828003863,0.7811589,0.8151013001,0.7216505,0.0013874549,1.1889703,0.1601234486,0.3653357,0.0363384309,0.12798457,139.473,145.62,0.2309614615,0.28566134
0.9957162406,0.8449018,0.4485085105,0.7060853,0.148548727,0.44685736,0.9423216421,0.978145,0.1162726601,0.36142176,0.046574613,0.085230686,45.532,110.99619,0.3559093211,0.15589234
0.9834379248,0.993449,0.2687330054,0.5189644,0.6125653998,0.6569285,0.931080977,1.0467695,0.6741503642,0.2682159,0.048469888,0.023484357,91.026,123.96001,0.3185003823,0.2495422
0.018949932,0.76553386,0.9618706942,0.96630216,0.8648356753,0.33591703,9.852e-07,1.0660778,0.0602081411,0.37414718,0.2424262207,0.27987123,124.997,140.88664,0.5892826144,0.2987391
0.6658074048,0.82702124,0.2921163817,0.64138716,0.661369814,0.5238274,0.6457028105,0.98697597,0.1542322086,0.34637126,0.0280284527,0.12549262,193.934,120.368996,0.5422045255,0.37866724
0.3831156877,0.60354906,0.4648588451,1.0144519,0.5606523729,0.2465705,5.438e-07,1.0429198,0.1884409553,0.2897816,0.0434523383,0.1509205,81.713,136.83101,0.3396517133,0.48730096
0.3345762454,0.708193,0.7647723573,0.7715609,0.2615502592,0.48373404,0.7933732383,1.0574346,0.1081384216,0.3300892,0.058223853,0.20528792,99.13,127.86554,0.6462635823,0.32994384
0.3887227721,0.9543578,0.1019837617,0.6563516,0.4554983722,0.66418207,0.925086345,0.99159884,0.6940287028,0.31905085,0.0371888728,0.07403452,167.876,129.51842,0.2370101123,0.42161685
0.8250130759,0.87846553,0.546112704,0.7182432,0.9985625795,0.5133876,0.97821246,0.97012126,0.0641098505,0.37402338,0.0764748499,0.047142603,131.229,120.19804,0.9704391922,0.44189093
0.4879504062,0.7150127,0.6736045586,0.88607186,0.7035428029,0.51902086,0.1353646631,1.1717476,0.1243345614,0.26572755,0.2118810419,0.18893297,187.901,131.37122,0.2515502612,0.24452516
0.4170136543,1.0428315,0.7713254243,0.7457421,0.8453781549,0.6633849,0.7549578946,1.0783607,0.0312050006,0.2135352,0.0529309492,0.017710306,130.02,130.61351,0.966441655,0.27700767
0.3372348297,0.6995208,0.6790400226,0.771994,0.4453594025,0.59579444,0.0001814761,1.1179996,0.1283768018,0.28019723,0.1442882398,0.061563976,93.194,121.30696,0.8374895821,0.41761342
0.4101837745,1.0127361,0.6636949237,0.8336567,0.9585446371,0.5961535,0.7281250059,1.060416,0.2076580095,0.21285576,0.0814381173,0.041072942,166.659,139.19398,0.9569624779,0.6606603
0.961226988,1.2160935,0.6994170302,0.85815,0.6918910097,0.60883754,0.8832981254,1.143669,0.1568514822,0.3128114,0.0433431001,-0.062417082,127.849,134.3137,0.9705685628,0.45131966
0.0005118457,0.946527,0.5774272373,0.8056737,0.7463647815,0.6306245,0.7158931304,1.236489,0.0992508331,0.31215438,0.0357174782,0.022328235,132.929,136.37222,0.9815411578,0.31192786
0.8248142284,1.2988837,0.5661948735,0.95863503,0.8685423026,0.46563205,6.10422e-05,1.3550091,0.0949649284,0.4270922,0.0608174997,0.13920824,85.325,146.73035,0.9911322105,0.45575973
0.4320497251,1.0105293,0.4108258005,0.57074624,0.2917007556,0.3887935,0.0555393978,0.861895,0.1174842335,0.31217587,0.030952093,0.06084884,140.188,103.5186,0.4283183174,0.13079005
0.9432204191,1.0468585,0.4096581631,0.638953,0.1994532991,0.5510814,0.9359600265,1.0400908,0.485355406,0.32972038,0.0365371149,0.02161888,102.999,122.047745,0.0387865617,0.16056812
0.5274395777,1.0756958,0.4999770296,0.63574183,0.4452749399,0.4069576,0.8828808323,0.8211001,0.1021683211,0.32517692,0.0311798226,-0.02355256,142.14,117.97795,0.6180127736,0.31254756
0.995226687,0.97013617,0.4059035833,0.540064,0.4231754126,0.61519974,0.9306209974,0.91240376,0.3214785801,0.34717086,0.0257798677,0.052513756,92.017,107.612335,0.3416145112,0.089788884
0.9957403387,1.1387172,0.7406531631,0.73609465,0.5375216312,0.504287,0.9507431831,1.0749674,0.0895684841,0.3267822,0.0643883289,-0.04222911,120.062,125.00611,0.0997190339,0.449989
0.0144333607,0.72499233,0.7621546879,0.70696896,0.5266420873,0.4937195,0.8436094557,0.8991456,0.1347135926,0.23318842,0.0695880017,0.078891315,93.924,123.471924,0.5764930879,0.07513422
0.4313672629,0.9272979,0.6155754564,0.78618777,0.5307782336,0.37772694,0.0635651736,0.98260516,0.1800532291,0.492799,0.0736556463,0.12110791,95.009,119.576965,0.119050416,0.2986321
0.6611391852,0.9433042,0.1607135631,0.6175267,0.7205695586,0.572344,0.9596770164,0.98540896,0.1317748669,0.2661953,0.0591405776,0.024523236,129.286,124.75052,0.3208267081,0.33742037
0.0046403301,0.5727604,0.3300992829,0.7599953,0.3523062024,0.37433746,3.76346e-05,0.5991033,0.1114826033,0.42048168,0.2438054207,0.155006,137.05,116.549194,0.3544574179,0.45108363
0.7127394462,0.7030548,0.9171434582,0.6552659,0.5091314534,0.5194681,6.94146e-05,0.9437228,0.1011972083,0.28119242,0.1267583835,0.2261946,101.976,115.76915,0.6232735001,0.38951325
0.8334470466,0.9363642,0.5041186421,0.71514744,0.5776015753,0.3367131,0.7543817719,0.8029363,0.1559095029,0.35779524,0.0450294112,0.08369789,157.805,112.15393,0.9405473261,0.44869664
0.7506377056,0.8901396,0.6024512472,0.7574496,0.5478502937,0.51397675,0.0273189851,1.0134466,0.2958689751,0.27272695,0.0380314899,0.071674444,129.914,122.66106,0.5127913742,0.29093215
0.9861020439,1.1872742,0.4427238375,0.69927865,0.4615396327,0.44919333,0.9210362165,1.0824864,0.2487624896,0.30773604,0.0447908439,-0.0043980693,112.676,126.489655,0.1875057668,0.085633576
0.9873281737,0.83833325,0.7035909913,0.67935956,0.4357120518,0.51679903,0.9017230301,0.9721493,0.1137581203,0.28780553,0.0676240084,0.068707384,122.811,113.766014,0.9108207732,0.25317633
0.2350564624,0.84252805,0.5553389005,0.69695294,0.3854581743,0.45054808,0.8892712895,0.93279195,0.1052929118,0.25439838,0.0352061115,0.114272006,141.952,116.60173,0.235730562,0.1600177
0.668785616,0.87914985,0.7997681253,0.7112085,0.5368466966,0.5362797,0.4501254365,1.1015972,0.1040827309,0.27211472,0.0432361229,0.09172816,120.019,130.7511,0.9228148179,0.3897083
0.9773855229,1.1106294,0.5277763801,0.93512726,0.442235605,0.67155236,0.6832404366,1.027781,0.6435779408,0.4678625,0.0418581821,0.03548778,114.878,118.532135,0.7594605252,0.16184923
0.8904591304,0.9935195,0.2436000372,0.62327254,0.9457193357,0.59053135,0.6866998894,1.1240443,0.1111555628,0.3550483,0.1063916671,0.012152144,119.258,132.32935,0.0624763798,0.066042334
0.5948793705,0.9031062,0.5048607444,0.6895884,0.7588727985,0.729199,0.9728700043,1.0395237,0.1099998148,0.29397973,0.0711820496,0.054366954,67.22,129.16797,0.9171264789,0.29252303
0.7958466232,1.0742286,0.3333355838,0.58923626,0.3117230737,0.5456234,6.84e-08,1.022081,0.0597049996,0.2428086,0.0366488645,0.12526076,104.096,118.804245,0.13333972,0.0059513412
0.0001547641,0.79832166,0.6134048213,0.56688184,0.3498178743,0.47912464,0.7672376871,0.869958,0.3259404819,0.3162182,0.2754406523,0.21589445,188.054,111.11154,0.1883594143,-0.22752488
0.9905817196,0.84706646,0.3271170772,0.5727574,0.0066119447,0.4721019,0.0003494011,0.82890826,0.1132873145,0.41229445,0.0453707714,0.16456152,65.697,105.15761,0.1698331756,0.30765447
0.1976688398,0.999293,0.4055885053,0.6013919,0.7769034717,0.60862607,0.8411291683,1.0479113,0.1047651671,0.33274996,0.0853000667,0.14333059,85.742,129.67528,0.0351605425,0.19742528
0.9835749901,1.1594256,0.4217239076,0.8141704,0.3215462556,0.4822894,0.9667289561,1.2381431,0.1087622452,0.3813786,0.0403852361,-0.010443679,86.416,125.46161,0.4358162735,0.07238972
0.5951869742,0.88699424,0.6549824654,0.6085079,0.9403640384,0.48328224,0.9033956067,1.0173463,0.1330922375,0.23665555,0.0667207757,0.10558201,96.123,125.46985,0.9606475192,0.4247513
0.933741035,1.0275463,0.3127198225,0.63842326,0.3409990466,0.45250383,0.9192423237,1.0712674,0.0829758431,0.3643876,0.032745236,0.057361104,142.499,116.08131,0.0430538151,0.110917
0.2963149229,0.7170741,0.8895275086,0.7602806,0.2325815401,0.48973778,0.9322330611,1.0990636,0.1111587719,0.27842683,0.3173190925,0.25298703,100.087,125.051735,0.7457576152,0.28005913
0.1096618395,1.0500381,0.5876768381,0.75451857,0.7054758482,0.5526552,0.0692385424,1.2903053,0.0682079154,0.3033984,0.0687334782,0.22334184,119.135,138.54767,0.242641601,0.28456703
0.3341825185,0.9185396,0.526369349,0.69583,0.803406281,0.5064116,0.890340582,1.0957386,0.3221430781,0.35476562,0.0345401382,0.15892564,109.986,128.08893,0.2553611171,0.23053914
0.8437293678,0.9679943,0.4468794984,0.80104214,0.9780619219,0.5247684,0.9889470664,1.242506,0.3715478171,0.22575204,0.039453421,0.20219178,100.766,133.76944,0.9743537514,0.42744884
0.0797375266,0.87058264,0.4885947763,0.84195906,0.7204946174,0.5201321,0.9201620982,1.2337977,0.4489423194,0.3235626,0.0414298549,0.10157771,139.979,132.59323,0.1908555369,0.1711944
0.1661519478,0.7445353,0.7893061135,0.86287373,0.8467983249,0.65542984,4e-10,1.2617956,0.0403570265,0.21753216,0.1574151689,0.10536889,110.61,132.5354,0.9613887371,0.2530464
0.6414601056,0.9071496,0.7425926146,0.660924,0.4583846703,0.39573184,0.0366252941,0.88030756,0.0978015946,0.14773968,0.0331477552,0.033368208,89.992,116.571945,0.5684264214,0.34611768
0.7191837471,0.95047975,0.46173505,0.80007493,0.4184596088,0.5555929,0.9660686081,1.236551,0.1050328494,0.27190787,0.0623285561,0.055216916,185.24,122.11041,0.489704616,0.23082134
0.3521851814,0.5996181,0.8131082805,0.64929783,0.7011092543,0.4153572,0.8898951661,0.72416836,0.2496162024,0.13799325,0.0333564748,0.030344285,89.996,108.34568,0.8750540417,-0.10591495
0.2209528768,0.8124152,0.6002413433,0.75273657,0.5431996725,0.5129351,0.5075937526,1.0830863,0.2783744861,0.41294473,0.0306377734,0.1797074,139.982,118.85965,0.0591505959,-0.20525151
0.4437346646,0.7078621,0.75790119,0.8045412,0.7466936626,0.6225614,0.8985255189,1.0929742,0.095410332,0.1898477,0.05892112,0.14839749,162.339,127.81176,0.7142904138,0.15180767
0.9644832941,1.1387501,0.479976746,0.63449264,0.4669092679,0.5543566,0.983535585,1.030077,0.119637824,0.34436098,0.027627488,-0.051879667,114.694,123.06105,0.4321945606,0.09435642
0.9303100566,1.221576,0.1481194726,0.74581814,0.2151576584,0.5671074,0.9241191336,1.1196393,0.1802426674,0.48182836,0.0276806771,0.028176673,71.267,119.35867,0.1860639615,-0.012560967
0.5583963908,0.64970785,0.5548788692,0.78567153,0.2323467008,0.455708,0.0060549314,1.0098126,0.087811395,0.28616723,0.8327786122,0.19033165,78.511,119.12367,0.5952696027,0.46994403
0.1600347021,0.79379874,0.394037451,0.85386515,0.7150033677,0.68741655,0.0007059271,1.319596,0.1214451473,0.29416174,0.2974470172,0.16456239,173.545,133.12233,0.5889910038,0.14344478
0.6738384617,0.9984036,0.5278409543,0.6180252,0.4011149411,0.44360253,0.9707347637,0.81350136,0.203703716,0.4142263,0.032438691,0.14698668,157.949,110.074684,0.2143164053,0.2917721
0.6109727577,1.0212213,0.4639397648,0.73002315,0.5922815974,0.55109423,0.864863107,1.1161437,0.1938398828,0.4064069,0.0393531306,0.18422838,120.193,129.315,0.3348846601,0.09477994
0.0501347764,0.8920314,0.8071843826,0.8682747,0.5178546653,0.4439045,0.923303295,1.2258409,0.118316203,0.34443465,0.0500331406,0.11089165,135.99,130.58325,0.3500980178,0.26313457
0.0306013673,0.8791361,0.4104384521,0.6540071,0.7597508427,0.44476166,0.9238782322,1.0959606,0.1875733465,0.3909833,0.027534787,0.12866859,97.719,122.591354,0.607860691,0.28160852
0.5014065001,0.73014414,0.5292115838,0.5677299,0.5776031489,0.49888542,0.9286064243,1.0075247,0.1735612949,0.23403917,0.0288354343,0.06763125,83.993,123.17119,0.0542793309,-0.030687723
0.3883600396,0.7267903,0.8145812963,0.78596836,0.8027638302,0.5468168,1.72096e-05,1.1022159,0.1747303471,0.24420522,0.3184338293,0.10212106,92.967,122.123764,0.6458740192,0.12648764
0.020352184,0.82913935,0.2666102228,0.56634325,0.8204251122,0.5120884,0.1941450429,0.8881942,0.5389931515,0.2662643,0.0535125772,0.019726194,138.446,116.2145,0.28175013,0.27932385
0.6514095469,0.7421891,0.5946546366,0.7268852,0.7370601687,0.5411407,0.9154131712,1.0008945,0.0738157588,0.3285851,0.0635379719,0.1010815,46.701,121.39181,0.5066276499,0.24260798
0.016471884,0.74337035,0.7959237349,0.83003944,0.3476796267,0.55809534,0.8850631718,1.0507599,0.0625158462,0.2415971,0.0553438294,0.17390932,119.964,123.24398,0.8526258994,0.3258277
0.0119176346,0.77057534,0.8624774525,0.72259873,0.4364323515,0.30731475,0.8681149399,0.9346036,0.1117180157,0.32249445,0.0594517727,0.2151529,124.994,110.94724,0.7310337387,0.35706043
0.1286144952,0.6495911,0.644333109,0.7758007,0.4460819136,0.5547987,0.2665649572,0.96419305,0.1749126969,0.30110064,0.2035079652,0.09199033,110.101,110.622375,0.2329889961,0.15477467
0.0494880352,0.97253555,0.3226948753,0.6095418,0.4071576334,0.4072987,0.001101465,0.95899594,0.0730105103,0.35712296,0.0332936216,0.10150791,129.306,116.17095,0.0488853048,0.23778275
0.0206458387,0.6048492,0.6110850278,0.86477137,0.3651734281,0.45031455,0.9464608656,1.2271795,0.1168000311,0.4110519,0.0762946659,0.30071977,169.973,127.07985,0.7954596508,0.43427753
0.4596089101,0.75873715,0.5848573453,0.6267421,0.4864919787,0.31738722,0.889564265,0.70698965,0.0872091252,0.32281643,0.0271572172,0.1330444,119.988,112.13405,0.1094559202,0.28804067
0.9356340307,0.7167147,0.5466952615,0.8363455,0.5597066642,0.45987687,0.0513674993,0.8986388,0.1168733734,0.46951374,0.3865607082,0.1981845,126.87,123.2612,0.6661914238,0.46030745
0.3494188885,0.8365386,0.2866844883,0.63862306,0.9145879346,0.7252407,0.559455658,1.0953467,0.0774450273,0.32242945,0.0306203966,0.13308753,173.961,135.50375,0.888407381,0.47669265
0.399011177,1.0536258,0.40069744,0.696115,0.4628798332,0.52252096,0.3872239598,1.0941019,0.3049090613,0.35640067,0.0330063943,0.045964517,109.365,125.553665,0.2196426008,0.19065899
0.0287667961,0.8706599,0.6725066897,0.63916075,0.8626122105,0.67249054,0.0272218051,0.8933183,0.1806701256,0.2071586,0.0284030251,0.08340392,122.061,122.00124,0.830118178,0.26931953
0.000277766,0.98059905,0.4593425031,0.75922054,0.7479562028,0.58998436,0.7840779305,1.1004494,0.1219142998,0.29747608,0.0403332128,0.08844558,64.507,129.34515,0.5537642996,0.486824
0.1200342239,0.9556906,0.7039654691,0.8101142,0.335540937,0.46683922,0.9721369666,0.98088557,0.1116381394,0.46918496,0.0539758052,0.1581843,78.011,123.63074,0.9617557918,0.3740541
0.0003108889,1.0685098,0.4931846057,0.7119942,0.8194003712,0.6013437,5.94e-08,1.1413656,0.1750156568,0.32311887,0.03824897,0.034675248,141.986,131.47417,0.8509787489,0.28856534
0.9766114095,1.0961996,0.4964241408,0.7054504,0.1585900396,0.51386434,0.0190835633,0.85803133,0.083243607,0.35368222,0.0340992342,-0.034125052,91.503,111.11643,0.2319786304,0.13663349
0.2407728256,0.6093778,0.7196912253,0.7194023,0.4256599533,0.4763973,0.9237868783,0.9287523,0.1141644407,0.26896212,0.030685475,0.17002062,100.04,119.057884,0.2337648564,0.33763778
0.9663781847,1.010841,0.3860072921,0.6761266,0.1507513164,0.41770098,0.0008974581,1.0506852,0.118506736,0.37492692,0.0387991178,0.09590907,143.456,116.561745,0.0897849285,0.243429
0.5552426039,0.7195583,0.6818051075,0.84544533,0.8350020944,0.40477052,0.0006487193,0.97121197,0.0712646048,0.35824162,0.0984882619,0.2667218,101.228,124.084366,0.979947605,0.26305175
0.123563078,0.7488913,0.6187312497,0.71669704,0.7535326171,0.47961685,0.0015417056,1.0146949,0.51389151,0.29061478,0.129227401,0.10114015,155.011,122.067,0.5695995181,0.32179824
0.9946759794,1.0017456,0.4414033477,0.5929408,0.1635624338,0.38130406,0.8386933951,0.8211291,0.1080833559,0.39076623,0.0356376789,0.08240653,125.423,102.47505,0.2076055643,0.23684505
0.9172405845,0.7976132,0.764565992,0.7297907,0.4620128857,0.45593062,0.9524461773,1.073548,0.1223739497,0.27045238,0.0416293392,0.11343051,102.982,121.47601,0.2729863789,0.20196131
0.9670752883,1.1489695,0.3870453995,0.61587125,0.1824576246,0.470611,0.965888247,0.967496,0.1120974375,0.38933575,0.0362552186,0.042858966,118.053,112.64964,0.0685286228,0.0076463185
0.8976251215,0.909899,0.7983761989,0.7918084,0.3341643947,0.34020606,0.9571607484,1.0176667,0.1163906973,0.37717944,0.0393796459,0.07109026,83.035,113.44604,0.7151657825,-0.17595178
0.0210846874,0.7878157,0.2738486994,0.6119678,0.969360628,0.5858651,0.4971375273,0.9314809,0.1279893187,0.33050385,0.2501214474,0.17839585,165.786,123.41577,0.2890116073,0.39702123
0.128018009,0.86382025,0.6028324229,0.66519845,0.6020192367,0.59548324,0.8869707206,1.1081281,0.1070572332,0.2272911,0.0344890156,0.080857016,125.02,132.17172,0.153344075,0.33916003
0.9073356273,1.1636903,0.5149160865,0.7863242,0.3568033687,0.5134627,0.3259865736,1.0857497,0.1200019801,0.34845024,0.0338947184,-0.0028452193,126.25,122.15911,0.5249407968,0.14270341
0.9635817503,0.8413956,0.6071686454,0.73870116,0.2876608425,0.4272013,0.7472403407,0.75273895,0.6955685943,0.2570356,0.053504752,0.073625125,96.87,107.3932,0.461316557,0.15998083
0.7475965462,0.9105889,0.560721759,0.7095299,0.9028586045,0.60174936,0.9226413538,1.2112513,0.1325368311,0.28118002,0.0315438872,0.033452846,156.059,131.61855,0.9732041433,0.26642713
0.0009819724,0.6570484,0.2889558787,0.6439418,0.5342096503,0.4887952,0.9125483942,0.9356948,0.080455586,0.23800024,0.035035447,0.07847161,125.231,116.87551,0.4254498794,0.08730474
0.9736370949,1.0476841,0.4323381481,0.6797173,0.397975513,0.449257,0.9621992035,1.0607377,0.1101352697,0.377873,0.0516060795,0.17989038,91.741,126.946465,0.1538474231,0.2435162
0.138246,0.8478219,0.7475243371,0.5539807,0.4277466804,0.45231554,0.9031722241,1.0464159,0.1130151305,0.208154,0.0353389176,0.08078305,90.184,123.48167,0.7644878469,0.16187137
0.7633295783,1.0276554,0.6071116098,0.74079484,0.6358520996,0.39035693,0.9238582642,1.0397142,0.0837560283,0.3833774,0.0359692093,0.050645925,80.806,113.78304,0.7391056956,0.26577708
0.2539530186,0.6536567,0.7773116051,0.64450604,0.7475426063,0.59877914,0.0004247956,1.0874811,0.2564960379,0.21048762,0.3287030381,0.21957882,104.823,126.97608,0.8658329499,0.39096376
0.5888486272,0.89037526,0.6656295662,0.65461487,0.6418094636,0.72796065,0.5867238427,1.1857445,0.1035829449,0.16847508,0.1101608221,0.03897164,120.831,134.41446,0.9415200298,0.3176622
0.9582753438,1.02929,0.1716914514,0.61038667,0.1315054709,0.4493375,0.95266944,0.9245066,0.3586210286,0.41561595,0.0436211,-0.008086524,131.543,107.71414,0.0355624237,0.12899923
0.6743527756,1.0797665,0.4260996487,0.92946243,0.7425791403,0.5634138,0.9403969667,1.2093449,0.8410042733,0.4581145,0.055212723,0.027646996,89.588,134.22008,0.9680821881,0.5204858
0.658155257,0.8219298,0.6907177468,0.74795794,0.7588296026,0.47747174,2.155e-07,1.080843,0.607094321,0.30244148,0.2913393226,0.15847872,96.022,125.730965,0.6698470452,0.17973149
0.0014476476,0.8269541,0.7764468696,0.8863608,0.6498297361,0.50034094,1.48539e-05,1.3020387,0.082017971,0.3563477,0.2573497461,0.095013924,130.051,133.36111,0.6603086761,0.14836529
0.8916675402,1.0092708,0.5334309787,0.6518709,0.509322565,0.613906,0.8518794184,1.1450834,0.2690322711,0.24521668,0.0272399966,0.0061622644,143.535,130.53552,0.5831042478,0.070126474
0.0004618424,0.8915534,0.2739302112,0.7476148,0.4415464495,0.6145951,0.8086973723,1.0292614,0.1272344982,0.39739445,0.0703529799,0.1984394,160.081,129.92346,0.1592891616,0.25829953
0.9689930322,0.7147143,0.842626891,0.8303118,0.6395363065,0.55785656,0.0189836223,1.0945836,0.1441312211,0.28776833,0.2764287482,0.14055319,103.928,123.63207,0.7474744085,0.20842496
0.2237565053,0.8470514,0.3842804638,0.5459513,0.4571538428,0.67716223,0.9722682776,0.8438289,0.1228692943,0.2188624,0.0351581654,0.154206,110.878,110.63964,0.2754882876,0.32872733
0.0267050736,0.5536776,0.570924827,0.7444446,0.7612914117,0.55193484,1.27e-07,0.90814406,0.2354756888,0.2859517,0.4284620855,0.105538495,91.896,118.80598,0.6551179962,0.444613
0.9957009005,1.1012899,0.2129394543,0.6404413,0.3495002665,0.4421287,0.9709433459,0.879325,0.2784205049,0.25626692,0.0365954761,-0.09407737,90.442,113.555145,0.3273490715,-0.02368978
0.9357661559,0.9573925,0.3651485354,0.6646801,0.3471217365,0.4295555,0.8960188279,0.9005655,0.1149685578,0.35758576,0.0313383026,-0.035212927,159.749,110.96813,0.4383158206,-0.06901032
0.2392253936,0.7371413,0.6396543611,0.8301435,0.5658366349,0.5990762,6.224e-06,1.1117024,0.1131579875,0.26735696,0.3800025157,0.10972292,163.444,125.13928,0.670541869,0.26107487
0.9923140929,1.1290606,0.4364958027,0.76583624,0.2477606375,0.49993882,0.9648268879,1.0614666,0.2013467906,0.36622065,0.182863036,-0.031184338,85.255,123.93387,0.7741586574,0.26629022
0.9460135832,1.0507017,0.4531413811,0.69707936,0.336253805,0.55038065,0.9703843824,1.0536965,0.5986422736,0.3910473,0.0282121547,0.04939518,110.18,124.94913,0.1834228102,0.262368
0.9614913532,1.3012897,0.5416553714,0.775054,0.3404580828,0.45888117,0.8439985717,1.0432103,0.114925356,0.35750735,0.0331361578,0.009119072,125.644,123.89314,0.7217531412,0.40220502
0.0007610473,1.0054898,0.1420455672,0.7091322,0.6480921004,0.65411144,0.9227116776,1.1471424,0.1231815828,0.3036056,0.0312441461,0.06271396,75.677,132.04173,0.3824665925,0.23376024
0.0004935453,0.87556314,0.2045469099,0.5702389,0.9286271627,0.6562051,0.9100809462,1.097646,0.0990607674,0.22291411,0.0466503321,0.03108529,162.85,128.97083,0.3827510068,0.15365404
0.1841938972,1.0021012,0.5018689881,0.7766256,0.6513922953,0.54939795,0.4283208529,1.2150022,0.0975310422,0.38476846,0.0355266684,0.13676496,120.042,144.83818,0.2116105509,0.5234726
0.0213336311,0.75453174,0.6283409786,0.5944498,0.5595032785,0.44804898,0.7166408574,0.86701655,0.0840005849,0.34343317,0.0436687096,0.21034957,132.068,110.57865,0.1492128793,0.25546673
0.6866238894,0.6573696,0.7625793436,0.6950294,0.509296551,0.5118249,4.73e-08,1.0956415,0.0507570332,0.19383319,0.8707589608,0.26762247,95.632,122.9679,0.7895014747,0.4489896
0.0001245545,0.6205007,0.6825022068,0.8854728,0.5131390379,0.3328394,0.9236190225,1.1133261,0.0968140787,0.46703517,0.092637087,0.3216794,140.166,123.63269,0.4938521251,0.4109724
0.9265054017,0.95344716,0.4698991631,0.5658459,0.2518033756,0.50233406,2.53936e-05,0.78072333,0.0978405755,0.3851236,0.0305014647,0.17983453,123.829,109.83699,0.2671895142,0.3355314
0.8338221277,0.67252254,0.8810943295,0.81180507,0.661083094,0.51018155,0.8965698298,1.0726376,0.0495131356,0.22434549,0.0736388209,0.18743177,120.005,129.89969,0.9714401946,0.32865527
6.1706e-06,0.7437717,0.5663925527,0.7059854,0.1680526674,0.54451483,0.8836076867,1.0321285,0.0992044723,0.1842406,0.03536456,0.09664304,161.022,125.216125,0.444931697,0.50336057
0.3722088629,0.8784677,0.7210330575,0.7085762,0.610357061,0.48032543,0.85397476,1.0033892,0.0707994865,0.27856854,0.0385819759,0.021905042,89.007,123.87304,0.858757147,0.1941925
0.0899911303,0.80667776,0.7418334148,0.8399587,0.4612788638,0.6677686,0.8913030496,0.92619675,0.1177679869,0.38787666,0.0647608795,0.10559512,163.877,117.08925,0.565653204,0.42862442
0.9949951629,0.94683546,0.5427318816,0.7836434,0.0782379371,0.35863212,0.4369054365,1.0311058,0.0974298094,0.38305995,0.0607369594,0.094178446,100.706,103.95021,0.3304797969,0.026556518
0.0140419166,1.0166694,0.5088229395,0.73948497,0.5506515452,0.48480436,0.1235428972,0.98351115,0.6962031547,0.32894987,0.0619400269,0.040973045,102.758,113.16831,0.3376255313,0.31326944
0.3272959463,0.64830333,0.7476129359,0.7503619,0.9467880645,0.6069611,0.8086372835,1.08768,0.1074033,0.3655721,0.068823032,0.19622763,100.039,129.83784,0.6276864591,0.5639356
0.0039015524,0.74376845,0.645387768,0.7611022,0.5637149693,0.5877128,0.9106505456,0.9453481,0.1676393871,0.24188823,0.0358954226,0.0010585273,135.073,121.37811,0.514512044,0.5012633
0.0010372973,0.840042,0.863965779,0.73821706,0.3964510071,0.5077768,0.9165509208,1.011787,0.1106538434,0.32899618,0.0652486619,0.20510446,126.01,129.19714,0.0678411833,0.42155868
0.7986313687,0.9042885,0.6283436845,0.69221306,0.751641056,0.42023835,0.9566340279,0.8788994,0.1078787167,0.2655017,0.0282656556,0.057118572,145.167,114.469734,0.6498747564,0.17847422
2.85503e-05,0.69509226,0.4957747787,0.8780997,0.6946126277,0.33801827,5.41202e-05,1.0285498,0.2673115393,0.39612898,0.1622767576,0.23967527,89.957,125.49422,0.097767236,0.19793135
0.5876263249,0.6772057,0.8605446563,0.6941269,0.8300191415,0.4998943,0.2163636102,0.82614285,0.0854665929,0.18897875,0.052303969,0.09213293,129.482,117.38255,0.7344444078,0.19208464
0.0049384594,0.70300525,0.7708244078,0.8596169,0.5526616127,0.33043972,8.767e-07,1.0267124,0.1680703726,0.3451283,0.2679041482,0.21425723,91.609,125.96873,0.7100934944,0.28292447
0.9455631639,0.88145053,0.6468738985,0.80164194,0.2955139865,0.5046103,0.2222473276,1.0000842,0.060896718,0.43129337,0.0541090313,0.09505091,133.129,114.83094,0.5028441126,0.13087243
0.0675478838,0.8247611,0.9312853811,0.76824176,0.8155934842,0.62645376,0.0234116729,0.95397025,0.1196856034,0.15712346,0.0710293569,0.022990532,128.581,133.29677,0.9628811585,0.39238092
0.0092722141,0.74444544,0.7035903369,0.75545514,0.6890474099,0.718581,0.8078660414,1.3490059,0.0899693605,0.36899608,0.0542027079,0.13938923,130.527,136.09344,0.1346264165,0.16638461
0.0166551967,0.98554933,0.4239298502,0.6516627,0.5652166252,0.6425006,0.9181649671,1.1273141,0.3129011245,0.26201403,0.0316582799,0.0775146,122.266,125.55138,0.55316117,0.17255834
0.3763124975,0.7099508,0.7340790229,0.72470963,0.2656847734,0.36179712,0.6695811237,0.63308495,0.0859951222,0.28943008,0.0390682262,0.048901863,107.952,107.282394,0.6099912728,0.5936828
0.0001892894,0.897832,0.2649517447,0.74286747,0.8708593775,0.62876976,0.8036860535,1.0930545,0.0284751897,0.20967448,0.0425204508,-0.027916245,181.948,133.10292,0.5710273125,0.21404648
0.415792771,1.0207616,0.5152889714,0.7455314,0.4851615883,0.52959925,6.7e-09,0.96258587,0.0935056362,0.3440147,0.0356540246,0.025882997,137.294,121.02526,0.601965829,0.38646498
0.1437979094,0.79214483,0.6580931786,0.5075553,0.5788569075,0.5590019,0.796759239,0.84795916,0.0858388517,0.26396197,0.0551513213,0.15458207,129.272,126.04929,0.116092507,0.38629103
0.2211132068,0.89391756,0.4398035076,0.5452965,0.2883275704,0.5347263,1.33054e-05,0.892295,0.1172013319,0.38843888,0.0293048328,0.17543481,146.124,113.31162,0.0644344294,0.36506236
0.1139750328,1.0457261,0.3581124908,0.82036865,0.0125203583,0.5854943,0.8700183704,1.0763875,0.0347627734,0.4220765,0.0390773244,0.03727282,111.873,125.88858,0.4742974079,0.39438975
0.9922240292,0.9894769,0.2626187568,0.59956944,0.2157943684,0.56910086,0.828832664,0.7332177,0.0864495987,0.3199861,0.032960223,0.08059961,107.717,114.37626,0.2346586793,0.45922133
0.2211991925,0.8432907,0.7291401822,0.67556703,0.1824435878,0.5368232,0.8986710194,1.0240002,0.1268445188,0.31859177,0.0596641401,0.067115135,89.979,120.05496,0.5167208062,0.12846366
0.8005964103,0.8543141,0.5545034608,0.56175613,0.5995602812,0.4487951,0.1740651567,0.9161724,0.4304484667,0.23092742,0.0970778108,0.08039383,96.597,116.65328,0.2242754663,0.26644936
0.993397693,1.1698127,0.3828426433,0.77397984,0.5646818131,0.738489,0.9296315046,1.33061,0.8819145559,0.24959978,0.0856295028,-0.025317185,208.921,143.78403,0.9619332295,0.27594295
0.0001451577,0.8683719,0.3518719075,0.8180678,0.9448941178,0.59124494,0.1981029202,1.1368784,0.0998492728,0.40116718,0.0811447599,0.14131878,230.087,137.03976,0.2422254212,0.4353839
0.7718648154,1.0672483,0.4163870496,0.6921226,0.3360001722,0.47178307,0.9292622675,0.9032713,0.104841324,0.4248478,0.0255693066,-0.024110012,94.555,115.819695,0.3786080879,0.30465046
0.0016105702,0.8406784,0.432291866,0.60162914,0.9981445276,0.5780254,0.8606203213,1.0525686,0.1121516406,0.18686362,0.0979405348,-0.017134003,154.002,129.43651,0.1167703131,0.022275891
1.48458e-05,0.7060641,0.6406864013,0.75459754,0.42651975,0.34635386,0.9181470868,0.86126244,0.0795675266,0.4075102,0.0304418752,0.34959632,88.023,112.66994,0.7575077581,0.23259851
0.0470395564,0.9497535,0.6214081425,0.7313829,0.6854929382,0.5183237,0.7391900058,1.1731935,0.2661362695,0.30059934,0.023611076,0.084315695,99.99,135.16989,0.2076175556,0.20162317
0.1136114415,0.6075421,0.791040645,0.90151,0.5844042449,0.46030256,0.1742029944,1.0379926,0.0491909891,0.37207016,0.3462894066,0.20805414,88.989,125.405914,0.808026023,0.22492549
0.3223548996,0.7829245,0.5978273491,0.72507966,0.3167358133,0.3700579,0.9213154656,0.8631291,0.118968412,0.37218192,0.0554365084,0.06317449,108.058,107.97147,0.5291920758,0.19399768
0.9229443711,1.1058968,0.3103487372,0.5748977,0.4147551629,0.46799794,0.8799546614,0.99369943,0.1076048873,0.34544936,0.0328544128,0.061256476,54.959,119.81479,0.0397228219,0.19290581
0.9710266185,1.1013623,0.4729641257,0.5696141,0.1178625156,0.4605169,0.9679459428,0.87976044,0.1238713962,0.40662766,0.0379063847,0.003953048,119.493,118.17219,0.0376406015,0.5914825
0.0042025072,0.71034133,0.4494676089,0.6100608,0.4136335875,0.59471244,0.8986222029,1.0602821,0.0882058015,0.26570654,0.0561194254,0.14444648,96.26,126.66923,0.4775709694,0.32862478
0.3815119881,0.9047312,0.9349092579,0.78141445,0.4969187298,0.3798841,0.9051891372,1.1339517,0.077375267,0.34659255,0.0824422636,0.10575578,119.996,124.06107,0.7713953875,0.31720078
0.9764797753,0.9201439,0.6123679134,0.6655131,0.3952545975,0.41931388,0.9037845822,1.0174719,0.1112906163,0.3228775,0.0326357224,0.114018805,120.057,120.37958,0.1044820555,0.19170055
0.6116439864,0.83712363,0.6474408591,0.88016784,0.5125681146,0.6118293,0.0019199531,0.9392713,0.0930428407,0.24109232,0.0423063578,0.231571,119.959,127.96051,0.9644153287,0.4966729
0.987452077,1.0081764,0.2735549403,0.574426,0.121284816,0.4768485,0.7091468836,0.9479071,0.2627341433,0.3497888,0.0319646552,0.0160406,74.336,117.70801,0.2609534217,0.07871142
0.979757915,1.0371454,0.3367950084,0.6736001,0.2915401598,0.49518564,0.9173830276,0.8406589,0.193907167,0.30534863,0.0274662595,-0.020435236,96.801,112.96675,0.4075616694,0.2379632
0.1333159604,0.84143656,0.6242300327,0.7268306,0.1810963124,0.51074827,0.9104362902,1.1501834,0.1660602547,0.24914828,0.0272302705,0.034793712,100.006,131.1731,0.4446586866,0.36898598
0.0288072111,0.86338943,0.4060672423,0.7064893,0.4905957075,0.49722573,0.8273350874,1.0121076,0.0823614164,0.38041264,0.0701038429,0.12698017,120.083,123.007935,0.2078538034,0.24149477
1.45883e-05,0.86002755,0.5852315977,0.60638756,0.7491975646,0.58392096,0.8602342386,0.9993366,0.1153787796,0.29427645,0.0297274648,0.08375061,132.273,122.5506,0.3822107775,0.37560165
4.2433e-06,1.0223473,0.1178956528,0.6613623,0.8753960551,0.62904173,0.9235582836,1.180539,0.2725536002,0.35670236,0.0723395552,0.027801849,150.41,143.62546,0.1198300389,0.363828
0.57044085,1.0110738,0.739512399,0.71361005,0.4287197352,0.68925035,2.90794e-05,1.1591327,0.1142732508,0.19138773,0.0601408166,0.016733624,104.916,134.83519,0.4399864306,0.37332582
0.0938260592,0.88415724,0.7244560093,0.68976426,0.5212560807,0.4106548,0.8485967571,0.84789956,0.1105210849,0.17019802,0.0506091043,0.05212135,95.078,127.9227,0.7762690414,0.41502967
0.7987740328,0.9904821,0.1539561543,0.6171879,0.4583014147,0.60579777,0.93022632,1.0131296,0.6894068057,0.310774,0.0407741779,0.10490493,184.488,130.34337,0.2052909143,0.29373348
0.9745760819,0.8989943,0.1649928914,0.52148145,0.196064474,0.42403606,0.6356343734,0.82810754,0.3237533011,0.37314272,0.0326665074,0.07513661,169.683,101.40204,0.1735013213,0.1788457
0.9559980743,0.9205482,0.5675764975,0.7825448,0.1280389441,0.4733009,0.936867483,0.95897496,0.1463175001,0.37988666,0.098963376,0.12546925,121.784,106.075386,0.3914664944,-0.25554097
0.0727370613,0.61323804,0.6839096107,0.86596227,0.5139434067,0.4839612,0.0172515696,1.0947107,0.1680788635,0.31083423,0.3487382768,0.25989673,179.268,129.35474,0.3384434529,0.39526886
0.9609139506,1.0495107,0.6015612915,0.7282131,0.2080478804,0.49388704,0.2741551274,0.97369987,0.314303029,0.3643993,0.028136702,0.013540843,82.166,115.41835,0.3052674823,0.122255564
0.9002547843,1.1585387,0.572813647,0.6369927,0.3042587241,0.57410496,0.9613278878,0.9331653,0.1115198438,0.2545177,0.0434758564,0.06693552,99.715,130.18715,0.0798901143,0.39782968
0.9949633328,0.9288806,0.2410243096,0.5776045,0.119725158,0.51402664,0.0413736731,0.9140532,0.8135234349,0.34920922,0.0783811375,0.034001417,74.432,103.49269,0.1844535026,-0.089632004
0.978912976,0.79764676,0.3824316635,0.69018495,0.4707018905,0.37570205,0.966895222,0.87738335,0.1132225074,0.3235367,0.0623840704,0.09898669,83.944,109.084236,0.5255736914,0.30270004
0.0340954068,0.9846258,0.688061054,0.56568795,0.1908368912,0.53750205,0.9688780124,0.7621429,0.1324509633,0.24325538,0.0404051156,0.04827041,101.954,116.60499,0.3912852974,0.25381386
0.0459587633,0.70163655,0.8415094831,0.5640047,0.1489980618,0.45145652,0.8433362116,0.8305096,0.0969388221,0.3307238,0.1407597961,0.12258015,139.994,109.555016,0.8057402622,0.46232072
0.2322002876,0.7737586,0.4626820204,0.6606235,0.5664738951,0.5788971,0.6710581967,1.0493969,0.0841808756,0.31092027,0.0462582108,0.14636244,131.175,123.86246,0.2842799713,0.3768284
0.8286968625,0.8288186,0.6008829686,0.7765022,0.7786265237,0.5716908,0.2914325662,0.9696416,0.1921558226,0.39436266,0.5464125654,0.1643912,70.269,123.82478,0.7269837212,0.3597631
2.06211e-05,0.9720979,0.2317653811,0.6785355,0.266845452,0.6456568,0.8221481444,0.9448278,0.1164439994,0.41325974,0.0396600913,0.076730795,54.326,120.96723,0.3981425823,0.23668668
0.5896216149,0.8087755,0.1694440217,0.5798092,0.685519326,0.57398444,0.9505742863,0.8929029,0.4053399589,0.36576807,0.0582570049,-0.012600205,69.943,122.80908,0.1749555263,0.25666386
0.3854716254,0.9066305,0.617182109,0.7581364,0.3768123633,0.4891648,0.0044876513,0.8938711,0.0557285504,0.4157762,0.0575184352,0.16805054,135.008,118.04243,0.3852730593,0.21766534
0.5190150374,0.9814552,0.6615959917,0.6788024,0.4937886486,0.4404157,2.1598e-06,0.8902697,0.0911893305,0.33796185,0.0385960928,0.02860681,139.973,110.48795,0.5743880483,0.099788845
0.0069916901,1.0411772,0.6036665512,0.6213746,0.7764200493,0.6316542,0.000139766,1.077217,0.0786701245,0.278088,0.0297163685,0.024450071,133.002,129.26985,0.9103493716,0.31181395
0.0017773385,1.0019996,0.5243565804,0.7436717,0.8111905467,0.5301726,0.0080527319,1.2478148,0.1235022447,0.31319028,0.077679259,0.03604243,149.992,138.45367,0.5869539379,0.23195022
0.020241511,0.7622381,0.7319902298,0.8447505,0.6619981846,0.53985846,2.64e-07,1.2858701,0.2494634273,0.39587867,0.3465322807,0.2175531,130.023,126.19198,0.4132187643,0.15246776
0.9497550213,1.1858958,0.5340176866,0.9381062,0.4222513858,0.5500147,0.9027548851,1.0194701,0.400178362,0.48546198,0.0620841984,-0.105977885,128.943,132.95529,0.8127154197,0.50346947
0.5173307239,0.9942335,0.5539731137,0.7068306,0.8970758292,0.5572547,0.0020611854,0.97900975,0.0646906513,0.22097072,0.04204109,0.02094201,164.996,125.51867,0.726287141,-0.110818
0.0001755425,0.787251,0.2653504317,0.47295064,0.5724109469,0.35124037,0.8444013688,0.767236,0.1512651079,0.3748444,0.0333512729,0.08051968,77.685,106.70055,0.3400704812,0.22739443
0.0079588505,0.80218536,0.7029110765,0.9641116,0.8212914036,0.46693227,6.467e-07,1.2512051,0.2738529298,0.4029971,0.1612146302,0.13174732,112.391,133.68344,0.5409065138,0.35548964
0.6878153242,1.0894758,0.2511760543,0.65797955,0.2865199917,0.55178005,0.9611485358,1.0625231,0.0874375591,0.3246584,0.0509849913,0.068922825,129.959,126.19971,0.078240884,0.14006323
0.9207811521,0.6313222,0.3980904728,0.6994318,0.7682946831,0.51753056,0.7322930995,0.9676683,0.1764804209,0.28499722,0.2440092771,0.17842345,188.328,112.426476,0.5162531206,0.1719011
0.9744831386,1.1624781,0.5984104006,0.6588573,0.4430364696,0.55238473,0.9639001792,1.1340108,0.148197822,0.32800582,0.0476668213,0.08691866,120.348,127.7001,0.1264797422,0.24627629
0.879085914,1.098564,0.288672427,0.69393647,0.0897045181,0.31758395,0.9661151503,0.949617,0.6143439446,0.37707186,0.0288711048,0.09839178,83.35,111.332016,0.1231390473,0.1305049
0.7583583075,1.0751742,0.5053471693,0.8377616,0.5439832,0.5146591,0.7826870027,1.0567819,0.8508758915,0.3629673,0.0435925038,-0.039793454,127.063,123.70653,0.9451489753,0.47316638
0.9927802707,1.0954328,0.3904195187,0.69797,0.0673484591,0.48331776,0.0906508293,0.9011053,0.1067028975,0.47116345,0.0414953258,-0.05043354,207.369,107.09622,0.2584958621,0.037829544
0.9650542841,1.0477883,0.2250764571,0.5410809,0.3475270646,0.63897866,0.8855843637,0.9019059,0.170686104,0.2519548,0.0360284957,0.042967297,99.802,122.2833,0.088626728,0.28445685
0.9801693643,1.0365993,0.8232739094,0.7420098,0.173511595,0.5632326,0.9272701888,0.8911929,0.1048364009,0.116405055,0.0816244728,0.021667786,109.564,125.1132,0.1575759285,0.12687641
0.4568628836,0.5571495,0.6254658441,0.7551584,0.3991330048,0.439909,0.937749082,1.0104192,0.122200486,0.24466085,0.119990788,0.20436291,59.006,127.84822,0.0399611594,0.48389456
0.8948266314,0.76418257,0.5635495033,0.7278082,0.5205238316,0.5394366,0.137179835,1.2104048,0.0616347181,0.33096823,0.0573697146,0.14926259,137.41,120.924934,0.8499116543,0.2802111
0.826641904,0.892825,0.2213108779,0.64495194,0.5963020998,0.48432007,0.9720959842,1.0188785,0.0912110433,0.29680276,0.0357704925,0.12780716,138.771,127.60724,0.1982554844,0.40908614
0.6898574078,0.6444065,0.8699598632,0.8714692,0.7773638002,0.5822768,0.4101930814,1.0358388,0.0847642667,0.28533387,0.1759561492,0.20352156,112.99,124.7219,0.8584214819,0.28397623
0.9805898525,1.2029787,0.439750245,0.8945978,0.4724599541,0.59534603,0.8523111587,1.2745155,0.9030811665,0.57691467,0.0587786712,0.07999057,120.604,136.65434,0.6375446183,0.442193
0.1974980333,0.8284804,0.6949454882,0.68924123,0.6565828565,0.50023526,0.0184546654,0.9669538,0.0831157389,0.24762954,0.038904641,0.067710586,154.93,120.282,0.8589508073,0.47827062
0.2824487483,0.7241953,0.6220155848,0.79067034,0.7532899034,0.53672314,0.5562347823,1.0121512,0.0731449723,0.3790213,0.039825291,0.084178604,87.008,116.43527,0.7301131081,0.34235308
0.1458427055,0.5895438,0.4053453629,0.8470703,0.842615945,0.5796137,1.18e-08,1.0351956,0.0666304994,0.36244732,0.5634644339,0.12874918,98.315,126.155876,0.3443116064,0.4001302
0.0044804223,0.80117756,0.7675061157,0.8320202,0.422473128,0.5394835,0.8210917823,1.0039974,0.1813659611,0.26502696,0.0909870877,0.12570281,180.005,117.40072,0.4224110729,0.19011071
0.9468655685,1.0333307,0.4064790284,0.73406804,0.6317436913,0.4529136,0.8122680182,1.1014676,0.1880545225,0.37213996,0.0639524389,0.05347226,111.549,131.31187,0.4695943734,0.34277865
0.9140388753,1.0296828,0.6406010435,0.590017,0.1640712523,0.43951747,0.7605621934,1.1552476,0.2583990328,0.2216973,0.0992103212,0.098226644,49.831,118.00497,0.190789711,-0.034101907
0.0022413607,0.69065577,0.6859239187,0.8979896,0.9187722434,0.497669,0.0030655265,1.3872958,0.40740727,0.45144445,0.1530833188,0.25331104,129.968,132.68843,0.4776511549,0.216243
0.0977438154,0.7757728,0.8304049598,0.77973074,0.6534367239,0.550426,0.8805462726,1.2454194,0.1147285998,0.23717323,0.0593862758,0.14871429,150.97,133.06627,0.9639614869,0.3076548
0.9474373475,1.1626756,0.3589084875,0.5879299,0.0808539152,0.5429994,0.957181786,1.0220995,0.0913387769,0.35144883,0.0419866558,-0.0032806015,85.502,125.70736,0.0468692092,0.18628043
0.183120603,1.1117262,0.323372686,0.72370195,0.52386026,0.5530782,0.0030619212,1.1440814,0.1078323616,0.29563406,0.0279298486,0.026143976,128.873,122.361,0.2802685632,0.10318118
0.3280265793,0.6715781,0.7281715955,0.87278026,0.7881493882,0.66542,0.0011539581,1.0726496,0.6731906894,0.25692368,0.2148020269,0.14651303,85.703,129.11446,0.884178624,0.40629458
0.9927647775,1.0255,0.5889867604,0.685867,0.1379182946,0.395107,0.0873760557,0.98016083,0.0957687898,0.40145636,0.0584639744,0.08475191,122.31,110.04193,0.6310426834,0.20209184
0.3831923611,0.8140177,0.8612592298,0.6562676,0.3570233789,0.4431745,0.8712107824,1.0932935,0.1102024902,0.12664668,0.5234949758,0.14495124,93.966,127.12807,0.442031867,0.27156797
0.0475317496,0.9110125,0.7149279185,0.7495591,0.5372199815,0.54046434,0.8796473286,1.1397294,0.0862128316,0.30200574,0.0558493713,0.22335158,100.03,133.08467,0.7051856482,0.20758724
0.0140703756,0.78450584,0.6941757319,0.57024705,0.4954317266,0.4671643,0.0397271845,0.67996204,0.0631851522,0.3567591,0.0460083231,0.1618102,139.957,116.94093,0.2774839466,0.3842361
0.3479098207,0.83940786,0.601866379,0.65471464,0.5647099745,0.5678678,0.8780081296,0.95864236,0.582797342,0.26595578,0.0259498155,0.10522009,99.409,124.49564,0.9307337118,0.3790727
0.8427618004,0.9875451,0.331685639,0.64676315,0.6191765799,0.54804885,0.9728700043,0.9784463,0.0829905576,0.39169726,0.0532137857,0.16627158,130.274,134.85124,0.4966851351,0.7477381
0.5426451544,0.8218553,0.7721723874,0.68132573,0.369059126,0.44866195,5.641e-07,0.80439955,0.0526987844,0.3223885,0.0415628446,0.1321383,123.739,105.95933,0.718219472,0.27612668
0.0154405631,0.86508954,0.6557676944,0.56744933,0.801838862,0.65936613,0.0060173856,0.99797356,0.1051697198,0.2541968,0.0391046754,0.048388936,123.959,123.929596,0.5680549266,0.4219908
0.0619298516,0.9026617,0.5631882637,0.64431685,0.7167950964,0.46667615,0.7746996414,1.0122488,0.1504096975,0.3915697,0.0322923802,0.041711666,111.974,123.60591,0.4855112923,0.35901448
0.0280512919,0.9448439,0.5672369808,0.64961845,0.3333057388,0.52436477,0.026182609,0.90158653,0.0867237151,0.17361648,0.0343140587,0.03761322,170.001,116.35984,0.1971475635,0.1737153
0.9737312928,1.0132592,0.0555955247,0.6605726,0.2181321007,0.3734257,0.963193889,0.95240444,0.122999012,0.4471707,0.0406101427,0.1396177,224.183,113.6209,0.0719510051,0.24929675
0.1405029074,0.9968048,0.6101645722,0.8582113,0.8562410149,0.48598108,0.8257950833,1.3070734,0.2579153511,0.38370845,0.0444099767,0.13310246,112.675,140.52193,0.9555299739,0.36814016
0.1046193717,0.85199106,0.4593627497,0.57551205,0.5781072404,0.613893,0.3765371686,0.56922954,0.6345319354,0.25753364,0.0299624942,0.14052488,129.932,108.80174,0.1172290686,0.32141563
0.6718566528,0.7122552,0.4981486021,0.6998909,0.4352288284,0.38361904,0.9229287937,0.9464021,0.1168659021,0.3398712,0.0380223343,0.078022756,37.245,117.11211,0.4913973695,0.46401802
0.950920247,0.96459156,0.5083155227,0.7756985,0.9225539467,0.60271543,0.7951036955,1.2631483,0.9605194782,0.43684068,0.1532995986,0.131038,137.06,134.50734,0.2208457849,0.25630844
0.4544295495,0.9751538,0.6069302616,0.7463711,0.4668473122,0.614851,0.9204247726,1.044087,0.2437194721,0.2157528,0.1097826139,0.020279266,90.12,133.50499,0.6108554756,0.26008612
0.0856185823,0.7207669,0.8425713708,0.7901737,0.7255742217,0.475122,0.937893404,1.339079,0.103838623,0.39530715,0.1020878247,0.09834341,125.982,131.8756,0.7364734261,0.27787763
0.0132790029,0.89613086,0.531198204,0.67037934,0.4457297335,0.4476253,0.0059063051,0.9037346,0.0549656915,0.22710101,0.0408346902,0.017912336,118.757,126.49729,0.4141126502,0.25334495
0.9521263681,1.1732332,0.2483858817,0.7000112,0.0900647964,0.3342515,0.9644588527,0.8752702,0.1110981033,0.38823876,0.0379966965,-0.0005605733,83.959,108.408165,0.1358732303,0.10947934
0.0208162908,0.9359982,0.3866813167,0.6606231,0.6121091516,0.49875543,0.8929477389,0.8881691,0.0493821069,0.3092446,0.0281201997,0.09860248,202.027,122.08267,0.4600497447,0.4366232
